{"cameraMode":{"drawMode":0,"name":"Shaded","section":"Shading Mode"},"sceneLighting":false,"audioPlay":false,"sceneViewState":{"m_AlwaysRefresh":false,"showFog":true,"showSkybox":false,"showFlares":true,"showImageEffects":true,"showParticleSystems":true,"showVisualEffectGraphs":true,"m_FxEnabled":true},"in2DMode":false,"pivot":{"x":2.7005300521850588,"y":-0.08155584335327149,"z":1.7263227701187134},"rotation":{"x":0.3467300832271576,"y":0.4813229739665985,"z":-0.21512886881828309,"w":0.7757861018180847},"size":4.149080276489258,"orthographic":false}